{"cameraMode":{"drawMode":0,"name":"Shaded","section":"Shading Mode"},"sceneLighting":false,"audioPlay":false,"sceneViewState":{"showFog":true,"showMaterialUpdate":false,"showSkybox":false,"showFlares":true,"showImageEffects":true,"showParticleSystems":true},"in2DMode":false,"pivot":{"x":0.3546438217163086,"y":0.4029703140258789,"z":7.219778060913086},"rotation":{"x":0.22601492702960969,"y":-0.11077100038528443,"z":0.025877922773361207,"w":0.9674617052078247},"size":26.336517333984376,"orthographic":false}